sku;name;qty;qty_holded
212;VO2 Slim Protein Bar 24 unidades - Integralmédica;0;4
213;VO2 Slim Protein Bar 24 unidades - Integralmédica - Morango;0;1
210;VO2 Slim Protein Bar 24 unidades - Integralmédica;0;14
211;VO2 Slim Protein Bar 24 unidades - Integralmédica;0;5
915;Lipo Block - 60 Cápsulas - Nutrilatina AGE;0;1
133;Gainers Mass 3500 - 3,0kg - Integralmédica;0;2
91;VO2 Slim Protein Bar 12 unidades - Integralmédica;0;2
2097;Dextrose - 1kg - NeoNutri;0;2
496;Boné Oficial Nogueira - Bony Açaí;0;4
497;Boné Oficial Nogueira - Bony Açaí;0;4
27;BCAA TOP 120 Cápsulas - Integralmédica;0;2
160;ISO CFM Zero / Low Carb 907g - Integralmédica;0;4
28;BCAA TOP 240 Cápsulas - Integralmédica;0;5
340;Duron Mass NO2 - 5kg - Integralmédica;0;2
343;DEXTROZZ 100% REFIL - 1kg - Integralmédica - Sem sabor;0;2
931;Combo Massa Muscular;0;1
349;Nutri Whey Protein 907g - Integralmédica;0;6
992;Combo VO2 Slim Protein Bar - 3x24 unidades - Integralmédica;0;4
421;Black Burn - 60 Cápsulas - Nutrilatina AGE;0;1
365;Luva Protetora para Musculação - Integralmédica;0;38
59;Super Whey 5W - 907g - Integralmédica;0;2
916;Creatina Monoidratada 3000mg - 30 Cápsulas - Nutrilatina AGE;0;2
258;Galão Darkness 3 Litros - Integralmédica;0;1
533;Carnivor 2,088kg - Muscle Meds - Chocolate;0;6
530;Carnivor 1,044kg - Muscle Meds - Chocolate;0;6
371;Amino Fluid 37000 NO2  - 480ml - Probiótica;0;2
826;Coqueteleira - Probiótica;0;3
2066;L-Glutamina Powder - 300g - NeoNutri;0;1
2067;LA Gold 1000mg - 120 gel caps - NeoNutri;0;1
984;Combo 3 Lipo 3D Clinical - 3x30 Cápsulas - Nutrilatina;0;1
192;Final Cut 60 Cápsulas - Integralmédica;0;1
116;BCAA Fix 120 Tabletes - Integralmédica;0;1
277;LA Extra Forte Omega 6 - 120 Cápsulas - Nutrilatina AGE;0;1
278;Lipo Block - 180 Cápsulas - Nutrilatina AGE;0;1
81;Linolen 90 Cápsulas - Nutrilatina;0;1
118;BCAA Fix 400 Tabletes - Integralmédica;0;2
794;Hiper Whey - 2,268kg - Millennium - Probiótica;0;2
837;Camiseta Regata Azul MHP - MHP Nutrition;0;2
834;Camiseta Carnivor  Regata - Muscle Meds;0;2
835;Camiseta Regata Branca MHP - MHP Nutrition;0;2
799;BCAA 2400mg - 60 Tabletes - Millennium - Probiótica;0;2
798;BCAA 2400mg - 120 Tabletes - Millennium - Probiótica;0;1
919;Combo 2 Óleo de Coco - 2x60 Cápsulas - Integralmédica;0;2
369;Squeeze Vermelho - Integralmédica;0;1
366;Porta-Cápsulas transparente - Integralmédica;1;12
2071;L-Carnitina 2000mg - 480ml - NeoNutri;0;4
255;Time Rescue - 30 Cápsulas - Nutricé;0;1
1012;Beta Caroteno 6000 - 60 Cápsulas - Sundown Naturals;0;1
1013;Calcium + Magnesium + Zinc - 100 Cápsulas - Sundown Naturals;0;1
580;Glicodry 2,1kg - Nutrilatina AGE;0;2
442;Aminoacid BCAA Ultraconcentração 1500mg - 120 Tabletes - Nutrilatina AGE;0;1
440;Aminoacid BCAA Concentrado 1000mg - 120 Cápsulas - Nutrilatina AGE;0;3
444;LA  Max - 120 Cápsulas - Nutrilatina AGE;0;1
249;Aquadraining - 30 Cápsulas - Nutricé;0;1
912;DrainSolution 30 Cápsulas - Nutrilatina Rennovee;0;1
902;LipoSolution 60 Cápsulas - Nutrilatina Rennovee;0;1
900;BeautySolution 42 Cápsulas - Nutrilatina Rennovee;0;1
901;TimeSolution 42 Cápsulas - Nutrilatina Rennovee;0;1
2040;BCAA-SR Timed Release 3300 - 120 Tabs - MHP;0;1
905;CelluliSolution 128 Cápsulas - Nutrilatina Rennovee;1;1
33;Therma Pro Hardcore 120 cápsulas - Integralmédica;0;1
32;Therma Pro Hardcore 60 cápsulas - Integralmédica;0;1
909;CicloSolution 60 Cápsulas - Nutrilatina Rennovee;1;0
37;ISO CFM Zero Carb 907g - Integralmédica - Morango;0;1
36;Mega Pack Nitro Shock 44 packs - Integralmédica;0;2
1008;Soya Lecithin 1200 - 100 Cápsulas - Sundown Naturals;0;1
1005;Óleo de Linhaça Dourada - 120 Cápsulas - Sundown Naturals;0;1
512;Boné Oficial Wanderley - Bony Açaí;0;2
623;Luva de musculação - Integralmédica;0;1
578;Glicodry 2,1kg - Nutrilatina AGE;0;2
624;Boné UFC - Integralmédica;0;1
628;Creatina Hardcore Reload 300g - Integralmédica;0;3
62;Super Whey 5W 2,3kg - Integralmédica;0;2
66;Creatina Hardcore 120 Tabletes - Integralmédica;0;1
178;Nutri Whey Protein 3kg - Integralmédica;0;4
252;Serum Care - 30 Cápsulas - Nutricé ;1;1
176;Mega Pack Power Stack 21 packs - Integralmédica;0;1
174;Mega Pack Vaso Pump 30 packs - Integralmédica;0;1
256;Protein Bar 24 Unidades - Nutrilatina;0;2
172;Super Whey 100% Pure - 907g - Integralmédica;0;2
170;Garrafa de Alumínio Vermelha - Integralmédica;0;6
2054;BCAA 1,5g Ultra Concentrado - 30 Tabletes - NeoNutri;0;1
858;Blade N.O EXPLODE Darkness 415g - Integralmédica;0;3
555;Alert 8hs Timed Release 100 Tabletes - MHP Nutrition;1;2
187;LA Top Definition 120 Cápsulas - Integralmédica;0;2
508;Boné Oficial Vitor Belfort - Bony Açaí;0;4
504;Boné Oficial Standard Roxo - Bony Açaí;0;2
563;Aminoacid BCAA 500mg - 100 Cápsulas - Nutrilatina AGE;0;2
168;Albumix 260 Tabletes - Integralmédica;0;1
315;Proteinato de Cálcio 90% - 300g - Integralmédica - Baunilha;0;3
164;Lipodrol  60 Cápsulas - Integralmédica;0;1
165;Óleo de Coco 60 Cápsulas - Integralmédica;0;2
93;VO2 Slim Protein Bar 24 unidades - Integralmédica;0;4
167;Glutamine Pharmaceutic Natural 300g - Integralmédica;0;1
223;Super Whey 100% Pure - 907g - Integralmédica;0;2
163;Coqueteleira - Integralmédica;0;10
962;Bandagem Elástica 3M - Pretorian Hard Sports;0;2
867;Creatina Caps - 180 Cápsulas - Probiótica;1;0
89;Thermogenic Ripped 120 Cápsulas - Nutrilatina AGE;0;1
741;Carb UP BCAA Plus Gel - Caixa 300g - Probiótica;0;2
159;ISO CFM Zero / Low Carb 907g - Integralmédica;0;2
551;Isofast 50 - 1,344kg - MHP Nutrition;0;2
553;Glutamina SR 12hs - 300g - MHP Nutrition;0;1
235;Leukic M-TOR Darkness 120 Tabletes - Integralmédica;0;2
237;Albumix Plus - 1kg REFIL - Integralmédica - Sem Sabor;0;1
2134;Muscle Whey Protein NO2 - 900g - NeoNutri;0;2
48;Super Whey 5W 2,3kg - Integralmédica;0;4
201;Testo Full 120 Cápsulas - Integralmédica;0;2
143;Linoleic 180 Cápsulas - Integralmédica;0;1
141; Maltodextrin 1kg - Integralmédica;0;2
612;Linolen Linolaser Gel 200g - Nutrilatina;0;3
611;Lipo 3D Clinical 30 Cápsulas - Nutrilatina;0;2
614;Black Burn - 30 Cápsulas - Nutrilatina AGE;0;2
615;Óleo de Coco Clinical - 30 Cápsulas - Nutrilatina;1;1
77;Slim Shots - 30 cups - Nutricé;1;2
72;Fit Belt - 30 Cápsulas - Nutricé;0;2
487;Linolen Absolute Firm - 30 Cápsulas - Nutrilatina;0;1
486;Linolen Absolute Appetite Control - 60 Tabletes - Nutrilatina;0;1
484;Camiseta Feminina Tecnodry - Integralmédica - Tamanho M;0;1
2082;Thermo Cuts Black - 120 Tabletes - NeoNutri;0;1
2080;Thermo Cuts Black - 15 Tabletes - NeoNutri;0;1
355;Nutri Whey Protein 907g - REFIL - Integralmédica;0;2
422;Black Burn - 120 Cápsulas - Nutrilatina AGE;0;3
353;Nutri Whey Protein 907g - REFIL - Integralmédica;0;6
351;Nutri Whey Protein 907g - Integralmédica;0;4
475;Whey Iso V3 - 910g - Nutrilatina AGE;0;2
802;Slim Gum - 30 unidades - Probiótica;2;4
358;Super Whey Reforce 907g - REFIL - Integralmédica;0;2
